枳壳,root,true
应用价值,path,枳壳\应用价值
枳壳,root,true
病虫害,path,枳壳\病虫害
枳壳,root,true
种植过程,path,枳壳\种植过程
枳壳,root,true
简介,path,枳壳\简介
简介,root,false
主流种类,path,枳壳\简介\主流种类
简介,root,false
化学成分,path,枳壳\简介\化学成分
简介,root,false
基源植物种类,path,枳壳\简介\基源植物种类
简介,root,false
生物学特性,path,枳壳\简介\生物学特性
生物学特性,root,false
枳壳的生物学特性及化学成分研究进展_曾晓艳,path,枳壳\简介\生物学特性\枳壳的生物学特性及化学成分研究进展_曾晓艳.pdf
生物学特性,root,false
枳壳的生物学特性及化学成分研究进展_陈婷,path,枳壳\简介\生物学特性\枳壳的生物学特性及化学成分研究进展_陈婷.pdf
生物学特性,root,false
枳壳研究概况_黄加龙,path,枳壳\简介\生物学特性\枳壳研究概况_黄加龙.pdf
生物学特性,root,false
枳壳研究进展,path,枳壳\简介\生物学特性\枳壳研究进展.pdf
生物学特性,root,false
枳壳类药材的研究概况,path,枳壳\简介\生物学特性\枳壳类药材的研究概况.pdf
生物学特性,root,false
枳壳质量标准研究,path,枳壳\简介\生物学特性\枳壳质量标准研究.pdf
生物学特性,root,false
枳壳鉴别要点,path,枳壳\简介\生物学特性\枳壳鉴别要点.pdf
生物学特性,root,false
枳实_枳壳常用中成药_,path,枳壳\简介\生物学特性\枳实_枳壳常用中成药_.pdf
生物学特性,root,false
江西枳实和枳壳的商品质量研究_张治针,path,枳壳\简介\生物学特性\江西枳实和枳壳的商品质量研究_张治针.pdf
基源植物种类,root,false
中药材衢枳壳的基源植物研究_赵维良,path,枳壳\简介\基源植物种类\中药材衢枳壳的基源植物研究_赵维良.pdf
基源植物种类,root,false
基于显微_DNA条形码_产地分析_省略_ARANJA_枳壳_基原鉴定研究_臧艺玫,path,枳壳\简介\基源植物种类\基于显微_DNA条形码_产地分析_省略_ARANJA_枳壳_基原鉴定研究_臧艺玫.pdf
基源植物种类,root,false
对枳实和枳壳药用品种变迁的思考_宋玉鹏,path,枳壳\简介\基源植物种类\对枳实和枳壳药用品种变迁的思考_宋玉鹏.pdf
基源植物种类,root,false
枳实_枳壳药材基原及道地产地的变迁_胡蓉,path,枳壳\简介\基源植物种类\枳实_枳壳药材基原及道地产地的变迁_胡蓉.pdf
基源植物种类,root,false
药材枳壳基原植物种类及地理分布研究_赵维良,path,枳壳\简介\基源植物种类\药材枳壳基原植物种类及地理分布研究_赵维良.pdf
化学成分,root,false
其它,path,枳壳\简介\化学成分\其它
化学成分,root,false
挥发油类,path,枳壳\简介\化学成分\挥发油类
化学成分,root,false
黄酮类,path,枳壳\简介\化学成分\黄酮类
黄酮类,root,false
HPLC法同时测定不同采集地衢枳壳中12种黄酮类成分的含量_冯敬骞,path,枳壳\简介\化学成分\黄酮类\HPLC法同时测定不同采集地衢枳壳中12种黄酮类成分的含量_冯敬骞.pdf
黄酮类,root,false
HPLC法同时测定绿衣枳壳中3种黄酮类化合物的含量_潘馨,path,枳壳\简介\化学成分\黄酮类\HPLC法同时测定绿衣枳壳中3种黄酮类化合物的含量_潘馨.pdf
黄酮类,root,false
HPLC法测定酸橙枳壳和枸橘枳壳中黄酮苷的含量_胡源祥,path,枳壳\简介\化学成分\黄酮类\HPLC法测定酸橙枳壳和枸橘枳壳中黄酮苷的含量_胡源祥.pdf
黄酮类,root,false
大孔吸附树脂纯化绿衣枳壳总黄酮工艺的研究_高伟城,path,枳壳\简介\化学成分\黄酮类\大孔吸附树脂纯化绿衣枳壳总黄酮工艺的研究_高伟城.pdf
黄酮类,root,false
枳壳的黄酮类成分及抗抑郁作用研究概述_周露,path,枳壳\简介\化学成分\黄酮类\枳壳的黄酮类成分及抗抑郁作用研究概述_周露.pdf
黄酮类,root,false
枳壳黄酮类成分的研究进展_季忆,path,枳壳\简介\化学成分\黄酮类\枳壳黄酮类成分的研究进展_季忆.pdf
黄酮类,root,false
绿衣枳壳总黄酮提取工艺的研究_高伟城,path,枳壳\简介\化学成分\黄酮类\绿衣枳壳总黄酮提取工艺的研究_高伟城.pdf
黄酮类,root,false
高效液相色谱法同时测定枳壳饮片中4种黄酮类化合物的含量_刘俊波,path,枳壳\简介\化学成分\黄酮类\高效液相色谱法同时测定枳壳饮片中4种黄酮类化合物的含量_刘俊波.pdf
挥发油类,root,false
GC_MS联用技术结合化学计量学方法分析枳实枳壳挥发油成分_徐小娜,path,枳壳\简介\化学成分\挥发油类\GC_MS联用技术结合化学计量学方法分析枳实枳壳挥发油成分_徐小娜.pdf
挥发油类,root,false
不同产地枳壳挥发油成分的气相色谱-质谱分析及抗肿瘤活性研究_胡源祥,path,枳壳\简介\化学成分\挥发油类\不同产地枳壳挥发油成分的气相色谱-质谱分析及抗肿瘤活性研究_胡源祥.pdf
挥发油类,root,false
桑蒺颗粒中陈皮_枳壳挥发油的提取及_环糊精包合工艺_周芙琼,path,枳壳\简介\化学成分\挥发油类\桑蒺颗粒中陈皮_枳壳挥发油的提取及_环糊精包合工艺_周芙琼.pdf
其它,root,false
GC_MS联用技术结合化学计量学方法分析枳实枳壳挥发油成分_徐小娜,path,枳壳\简介\化学成分\其它\GC_MS联用技术结合化学计量学方法分析枳实枳壳挥发油成分_徐小娜.pdf
其它,root,false
HPLC法同时测定不同采收期江枳壳中辛弗林和N-甲基酪胺的含量,path,枳壳\简介\化学成分\其它\HPLC法同时测定不同采收期江枳壳中辛弗林和N-甲基酪胺的含量.pdf
其它,root,false
HPLC法同时测定不同采集地衢枳壳中12种黄酮类成分的含量_冯敬骞,path,枳壳\简介\化学成分\其它\HPLC法同时测定不同采集地衢枳壳中12种黄酮类成分的含量_冯敬骞.pdf
其它,root,false
HPLC法同时测定绿衣枳壳中3种黄酮类化合物的含量_潘馨,path,枳壳\简介\化学成分\其它\HPLC法同时测定绿衣枳壳中3种黄酮类化合物的含量_潘馨.pdf
其它,root,false
HPLC法测定武宁产枳壳中伞形花内酯的含量_夏澜婷,path,枳壳\简介\化学成分\其它\HPLC法测定武宁产枳壳中伞形花内酯的含量_夏澜婷.pdf
其它,root,false
HPLC法测定酸橙枳壳和枸橘枳壳中黄酮苷的含量_胡源祥,path,枳壳\简介\化学成分\其它\HPLC法测定酸橙枳壳和枸橘枳壳中黄酮苷的含量_胡源祥.pdf
其它,root,false
UPLC同时测定枳壳厚朴8种成分含量_闫红斌,path,枳壳\简介\化学成分\其它\UPLC同时测定枳壳厚朴8种成分含量_闫红斌.pdf
其它,root,false
不同产地枳壳中柚皮甙及辛弗林的含量测定_肖鸣,path,枳壳\简介\化学成分\其它\不同产地枳壳中柚皮甙及辛弗林的含量测定_肖鸣.pdf
其它,root,false
不同产地枳壳中柚皮苷和新橙皮苷的测定_郭增喜,path,枳壳\简介\化学成分\其它\不同产地枳壳中柚皮苷和新橙皮苷的测定_郭增喜.pdf
其它,root,false
不同产地枳壳挥发油成分的气相色谱-质谱分析及抗肿瘤活性研究_胡源祥,path,枳壳\简介\化学成分\其它\不同产地枳壳挥发油成分的气相色谱-质谱分析及抗肿瘤活性研究_胡源祥.pdf
其它,root,false
不同产地枳壳药材中12种有效成分的主成分分析和判别分析_陈欢,path,枳壳\简介\化学成分\其它\不同产地枳壳药材中12种有效成分的主成分分析和判别分析_陈欢.pdf
其它,root,false
不同环境条件对枳壳挥发油主要成分的影响_何英杰,path,枳壳\简介\化学成分\其它\不同环境条件对枳壳挥发油主要成分的影响_何英杰.pdf
其它,root,false
中药枳壳化学成分及药理作用研究_舒尊鹏,path,枳壳\简介\化学成分\其它\中药枳壳化学成分及药理作用研究_舒尊鹏.pdf
其它,root,false
四种枳壳橙皮苷的含量测定_叶国良,path,枳壳\简介\化学成分\其它\四种枳壳橙皮苷的含量测定_叶国良.pdf
其它,root,false
基于UPLC_Q_TOF_MS分_省略_特色炮制工艺对枳壳化学成分的影响_祝婧,path,枳壳\简介\化学成分\其它\基于UPLC_Q_TOF_MS分_省略_特色炮制工艺对枳壳化学成分的影响_祝婧.pdf
其它,root,false
多溶剂萃取法分离制备绿衣枳壳中枳属苷_胡源祥,path,枳壳\简介\化学成分\其它\多溶剂萃取法分离制备绿衣枳壳中枳属苷_胡源祥.pdf
其它,root,false
大孔吸附树脂纯化绿衣枳壳总黄酮工艺的研究_高伟城,path,枳壳\简介\化学成分\其它\大孔吸附树脂纯化绿衣枳壳总黄酮工艺的研究_高伟城.pdf
其它,root,false
枳壳主要化学成分研究进展_徐云,path,枳壳\简介\化学成分\其它\枳壳主要化学成分研究进展_徐云.pdf
其它,root,false
枳壳化学成分及药理作用研究进展_李陈雪,path,枳壳\简介\化学成分\其它\枳壳化学成分及药理作用研究进展_李陈雪.pdf
其它,root,false
枳壳化学成分及药理作用研究进展_龚斌,path,枳壳\简介\化学成分\其它\枳壳化学成分及药理作用研究进展_龚斌.pdf
其它,root,false
枳壳及其炮制品色差值与化学成分的相关性_邓桂珠,path,枳壳\简介\化学成分\其它\枳壳及其炮制品色差值与化学成分的相关性_邓桂珠.pdf
其它,root,false
枳壳挥发油化学成分及其抑菌活性分析_梁卉,path,枳壳\简介\化学成分\其它\枳壳挥发油化学成分及其抑菌活性分析_梁卉.pdf
其它,root,false
枳壳挥发油提取工艺优选及其化学成分GC_MS分析_张金莲,path,枳壳\简介\化学成分\其它\枳壳挥发油提取工艺优选及其化学成分GC_MS分析_张金莲.pdf
其它,root,false
枳壳的黄酮类成分及抗抑郁作用研究概述_周露,path,枳壳\简介\化学成分\其它\枳壳的黄酮类成分及抗抑郁作用研究概述_周露.pdf
其它,root,false
枳壳类药材化学成分及药理研究_龚丽丽,path,枳壳\简介\化学成分\其它\枳壳类药材化学成分及药理研究_龚丽丽.pdf
其它,root,false
枳壳黄酮类成分的研究进展_季忆,path,枳壳\简介\化学成分\其它\枳壳黄酮类成分的研究进展_季忆.pdf
其它,root,false
枳实_枳壳_青皮和陈皮等药材中辛弗林含量测定研究_赵宇,path,枳壳\简介\化学成分\其它\枳实_枳壳_青皮和陈皮等药材中辛弗林含量测定研究_赵宇.pdf
其它,root,false
桑蒺颗粒中陈皮_枳壳挥发油的提取及_环糊精包合工艺_周芙琼,path,枳壳\简介\化学成分\其它\桑蒺颗粒中陈皮_枳壳挥发油的提取及_环糊精包合工艺_周芙琼.pdf
其它,root,false
绿衣枳壳总黄酮提取工艺的研究_高伟城,path,枳壳\简介\化学成分\其它\绿衣枳壳总黄酮提取工艺的研究_高伟城.pdf
其它,root,false
酸橙中4种单萜成分的GC_MS含量测定_邓可众,path,枳壳\简介\化学成分\其它\酸橙中4种单萜成分的GC_MS含量测定_邓可众.pdf
其它,root,false
高效液相色谱法同时测定枳壳饮片中4种黄酮类化合物的含量_刘俊波,path,枳壳\简介\化学成分\其它\高效液相色谱法同时测定枳壳饮片中4种黄酮类化合物的含量_刘俊波.pdf
主流种类,root,false
商州枳壳,path,枳壳\简介\主流种类\商州枳壳
主流种类,root,false
川枳壳,path,枳壳\简介\主流种类\川枳壳
主流种类,root,false
江枳壳,path,枳壳\简介\主流种类\江枳壳
主流种类,root,false
浙产枳壳,path,枳壳\简介\主流种类\浙产枳壳
主流种类,root,false
湘枳壳,path,枳壳\简介\主流种类\湘枳壳
主流种类,root,false
绿衣枳壳,path,枳壳\简介\主流种类\绿衣枳壳
主流种类,root,false
衢枳壳,path,枳壳\简介\主流种类\衢枳壳
主流种类,root,false
铜梁枳壳,path,枳壳\简介\主流种类\铜梁枳壳
衢枳壳,root,false
HPLC法同时测定不同采集地衢枳壳中12种黄酮类成分的含量_冯敬骞,path,枳壳\简介\主流种类\衢枳壳\HPLC法同时测定不同采集地衢枳壳中12种黄酮类成分的含量_冯敬骞.pdf
衢枳壳,root,false
以信用建设推动常山胡柚产业高质量发展_张志慧,path,枳壳\简介\主流种类\衢枳壳\以信用建设推动常山胡柚产业高质量发展_张志慧.pdf
绿衣枳壳,root,false
HPLC法同时测定绿衣枳壳中3种黄酮类化合物的含量_潘馨,path,枳壳\简介\主流种类\绿衣枳壳\HPLC法同时测定绿衣枳壳中3种黄酮类化合物的含量_潘馨.pdf
绿衣枳壳,root,false
多溶剂萃取法分离制备绿衣枳壳中枳属苷_胡源祥,path,枳壳\简介\主流种类\绿衣枳壳\多溶剂萃取法分离制备绿衣枳壳中枳属苷_胡源祥.pdf
绿衣枳壳,root,false
大孔吸附树脂纯化绿衣枳壳总黄酮工艺的研究_高伟城,path,枳壳\简介\主流种类\绿衣枳壳\大孔吸附树脂纯化绿衣枳壳总黄酮工艺的研究_高伟城.pdf
绿衣枳壳,root,false
绿衣枳壳总黄酮提取工艺的研究_高伟城,path,枳壳\简介\主流种类\绿衣枳壳\绿衣枳壳总黄酮提取工艺的研究_高伟城.pdf
江枳壳,root,false
HPLC法同时测定不同采收期江枳壳中辛弗林和N-甲基酪胺的含量_董晶,path,枳壳\简介\主流种类\江枳壳\HPLC法同时测定不同采收期江枳壳中辛弗林和N-甲基酪胺的含量_董晶.pdf
江枳壳,root,false
中国道地药材研究近况系列_13___道地药材江枳壳的研究近况_李杨,path,枳壳\简介\主流种类\江枳壳\中国道地药材研究近况系列_13___道地药材江枳壳的研究近况_李杨.pdf
江枳壳,root,false
地道药材江枳壳规范化种植技术_朱培林,path,枳壳\简介\主流种类\江枳壳\地道药材江枳壳规范化种植技术_朱培林.pdf
江枳壳,root,false
地道药材江枳壳规范化种植技术_杨波,path,枳壳\简介\主流种类\江枳壳\地道药材江枳壳规范化种植技术_杨波.pdf
种植过程,root,false
栽培,path,枳壳\种植过程\栽培
种植过程,root,false
炮制,path,枳壳\种植过程\炮制
种植过程,root,false
田间管理,path,枳壳\种植过程\田间管理
种植过程,root,false
育苗,path,枳壳\种植过程\育苗
种植过程,root,false
采收与加工,path,枳壳\种植过程\采收与加工
采收与加工,root,false
药用枳壳鲜果冷藏库保鲜贮藏技术应用示范_唐静,path,枳壳\种植过程\采收与加工\药用枳壳鲜果冷藏库保鲜贮藏技术应用示范_唐静.pdf
育苗,root,false
不同LED光质对枳壳幼苗生长发育的影响,path,枳壳\种植过程\育苗\不同LED光质对枳壳幼苗生长发育的影响.pdf
育苗,root,false
不同基质配比对盆栽枳壳实生苗生长的影响,path,枳壳\种植过程\育苗\不同基质配比对盆栽枳壳实生苗生长的影响.pdf
育苗,root,false
光照、温度和NaCl胁迫对枳壳种子萌发及幼苗生长的影响,path,枳壳\种植过程\育苗\光照、温度和NaCl胁迫对枳壳种子萌发及幼苗生长的影响.pdf
育苗,root,false
枳壳培育技术规程LY-T 2327-2014,path,枳壳\种植过程\育苗\枳壳培育技术规程LY-T 2327-2014.pdf
育苗,root,false
枳壳种苗质量分级标准研究_徐进,path,枳壳\种植过程\育苗\枳壳种苗质量分级标准研究_徐进.pdf
育苗,root,false
江枳壳嫁接苗繁育技术规程_徐云龙,path,枳壳\种植过程\育苗\江枳壳嫁接苗繁育技术规程_徐云龙.pdf
育苗,root,false
浅谈商州枳壳苗木标准,path,枳壳\种植过程\育苗\浅谈商州枳壳苗木标准.pdf
育苗,root,false
道地药材江枳壳嫩枝扦插育苗技术操作规程,path,枳壳\种植过程\育苗\道地药材江枳壳嫩枝扦插育苗技术操作规程.pdf
田间管理,root,false
商洲枳壳定植修剪技术规范,path,枳壳\种植过程\田间管理\商洲枳壳定植修剪技术规范.pdf
炮制,root,false
历代中药炮制汇典,path,枳壳\种植过程\炮制\历代中药炮制汇典.pdf
炮制,root,false
枳壳与常山胡柚及其多个炮制品的质量评价,path,枳壳\种植过程\炮制\枳壳与常山胡柚及其多个炮制品的质量评价.pdf
炮制,root,false
枳壳的炮制加工与伪品鉴别_于文敏,path,枳壳\种植过程\炮制\枳壳的炮制加工与伪品鉴别_于文敏.pdf
炮制,root,false
枳壳种植加工和炮制研究进展_杨安金,path,枳壳\种植过程\炮制\枳壳种植加工和炮制研究进展_杨安金.pdf
炮制,root,false
麸炒枳壳原理的初步研究,path,枳壳\种植过程\炮制\麸炒枳壳原理的初步研究.pdf
炮制,root,false
麸炒枳壳的最佳工艺条件研究_刘晗,path,枳壳\种植过程\炮制\麸炒枳壳的最佳工艺条件研究_刘晗.pdf
栽培,root,false
一种枳壳的种植方法,path,枳壳\种植过程\栽培\一种枳壳的种植方法.pdf
栽培,root,false
枳壳优质栽培技术,path,枳壳\种植过程\栽培\枳壳优质栽培技术.pdf
栽培,root,false
枳壳嫁接技术_丁欣芳,path,枳壳\种植过程\栽培\枳壳嫁接技术_丁欣芳.pdf
栽培,root,false
枳壳规范化栽培及炮制加工技术,path,枳壳\种植过程\栽培\枳壳规范化栽培及炮制加工技术.pdf
栽培,root,false
清江枳壳高产栽培技术_谢永刚,path,枳壳\种植过程\栽培\清江枳壳高产栽培技术_谢永刚.pdf
栽培,root,false
甜橙栽培技术探析,path,枳壳\种植过程\栽培\甜橙栽培技术探析.pdf
病虫害,root,false
病害,path,枳壳\病虫害\病害
病虫害,root,false
虫害,path,枳壳\病虫害\虫害
病虫害,root,false
防治技术,path,枳壳\病虫害\防治技术
防治技术,root,false
关于绿色柑橘病虫害防治技术要点的探讨_邵斌,path,枳壳\病虫害\防治技术\关于绿色柑橘病虫害防治技术要点的探讨_邵斌.pdf
防治技术,root,false
川东北4区县柑橘病虫害的发生与绿色防控技术_唐春芳,path,枳壳\病虫害\防治技术\川东北4区县柑橘病虫害的发生与绿色防控技术_唐春芳.pdf
防治技术,root,false
怎样防治枳壳树脂病_丁欣芳,path,枳壳\病虫害\防治技术\怎样防治枳壳树脂病_丁欣芳.pdf
防治技术,root,false
思南县柑橘主要虫害及绿色防控措施_黄亚川,path,枳壳\病虫害\防治技术\思南县柑橘主要虫害及绿色防控措施_黄亚川.pdf
防治技术,root,false
松滋市柑橘红蜘蛛发生特点与防治对策_苏林,path,枳壳\病虫害\防治技术\松滋市柑橘红蜘蛛发生特点与防治对策_苏林.pdf
防治技术,root,false
柑桔黑星病及防治技术,path,枳壳\病虫害\防治技术\柑桔黑星病及防治技术.pdf
防治技术,root,false
柑橘冻害成因及防治技术 ,path,枳壳\病虫害\防治技术\柑橘冻害成因及防治技术 .pdf
防治技术,root,false
柑橘大实蝇的为害特点及防控对策_诸凤丹,path,枳壳\病虫害\防治技术\柑橘大实蝇的为害特点及防控对策_诸凤丹.pdf
防治技术,root,false
柑橘大实蝇防治技术要点_李华安,path,枳壳\病虫害\防治技术\柑橘大实蝇防治技术要点_李华安.pdf
防治技术,root,false
柑橘常见病虫害防治技术研究_李德洪,path,枳壳\病虫害\防治技术\柑橘常见病虫害防治技术研究_李德洪.pdf
防治技术,root,false
柑橘树脂病的危害及防治_袁健鸣,path,枳壳\病虫害\防治技术\柑橘树脂病的危害及防治_袁健鸣.pdf
防治技术,root,false
柑橘病虫害的绿色防控技术_廖林军,path,枳壳\病虫害\防治技术\柑橘病虫害的绿色防控技术_廖林军.pdf
防治技术,root,false
柑橘病虫害绿色防治技术_马伟荣,path,枳壳\病虫害\防治技术\柑橘病虫害绿色防治技术_马伟荣.pdf
防治技术,root,false
柑橘红蜡蚧的发生特点与防控对策_李素芹,path,枳壳\病虫害\防治技术\柑橘红蜡蚧的发生特点与防控对策_李素芹.pdf
防治技术,root,false
浅析柑橘两种蛀果类虫害的发生与防治_江贤南,path,枳壳\病虫害\防治技术\浅析柑橘两种蛀果类虫害的发生与防治_江贤南.pdf
防治技术,root,false
煤烟病对果树的危害及综合防治,path,枳壳\病虫害\防治技术\煤烟病对果树的危害及综合防治.pdf
防治技术,root,false
绿色优质柑橘的病虫害综合防治技术_华彬,path,枳壳\病虫害\防治技术\绿色优质柑橘的病虫害综合防治技术_华彬.pdf
防治技术,root,false
绿色柑橘病虫害防治技术_韦永海,path,枳壳\病虫害\防治技术\绿色柑橘病虫害防治技术_韦永海.pdf
虫害,root,false
中药材病虫害防治与中药材生产质量管理研究_张莹莹,path,枳壳\病虫害\虫害\中药材病虫害防治与中药材生产质量管理研究_张莹莹.pdf
虫害,root,false
松滋市柑橘红蜘蛛发生特点与防治对策_苏林,path,枳壳\病虫害\虫害\松滋市柑橘红蜘蛛发生特点与防治对策_苏林.pdf
虫害,root,false
柑桔潜叶蛾对柑桔的为害及经济阈值的研究,path,枳壳\病虫害\虫害\柑桔潜叶蛾对柑桔的为害及经济阈值的研究.pdf
虫害,root,false
柑橘大实蝇的为害特点及防控对策_诸凤丹,path,枳壳\病虫害\虫害\柑橘大实蝇的为害特点及防控对策_诸凤丹.pdf
虫害,root,false
柑橘大实蝇防治技术要点_李华安,path,枳壳\病虫害\虫害\柑橘大实蝇防治技术要点_李华安.pdf
虫害,root,false
柑橘粉虱的发生及其防治技术,path,枳壳\病虫害\虫害\柑橘粉虱的发生及其防治技术.pdf
虫害,root,false
柑橘红蜡蚧的发生特点与防控对策_李素芹,path,枳壳\病虫害\虫害\柑橘红蜡蚧的发生特点与防控对策_李素芹.pdf
虫害,root,false
柑橘锈壁虱的发生及其综合防治,path,枳壳\病虫害\虫害\柑橘锈壁虱的发生及其综合防治.pdf
虫害,root,false
柑橘黑刺粉虱的发生及其防治,path,枳壳\病虫害\虫害\柑橘黑刺粉虱的发生及其防治.pdf
病害,root,false
怎样防治枳壳树脂病_丁欣芳,path,枳壳\病虫害\病害\怎样防治枳壳树脂病_丁欣芳.pdf
病害,root,false
柑桔黑星病及防治技术,path,枳壳\病虫害\病害\柑桔黑星病及防治技术.pdf
病害,root,false
柑橘冻害成因及防治技术 ,path,枳壳\病虫害\病害\柑橘冻害成因及防治技术 .pdf
病害,root,false
柑橘树脂病的危害及防治_袁健鸣,path,枳壳\病虫害\病害\柑橘树脂病的危害及防治_袁健鸣.pdf
病害,root,false
煤烟病对果树的危害及综合防治,path,枳壳\病虫害\病害\煤烟病对果树的危害及综合防治.pdf
应用价值,root,false
商业,path,枳壳\应用价值\商业
应用价值,root,false
药理作用,path,枳壳\应用价值\药理作用
药理作用,root,false
HPLC_DPPH快速测定枳壳抗氧化活性成分_何英杰,path,枳壳\应用价值\药理作用\HPLC_DPPH快速测定枳壳抗氧化活性成分_何英杰.pdf
药理作用,root,false
【3】枳实、枳壳的抗抑郁作用,path,枳壳\应用价值\药理作用\【3】枳实、枳壳的抗抑郁作用.pdf
药理作用,root,false
中药材病虫害防治与中药材生产质量管理研究_张莹莹,path,枳壳\应用价值\药理作用\中药材病虫害防治与中药材生产质量管理研究_张莹莹.pdf
药理作用,root,false
中药枳壳化学成分及药理作用研究_舒尊鹏,path,枳壳\应用价值\药理作用\中药枳壳化学成分及药理作用研究_舒尊鹏.pdf
药理作用,root,false
中药枳壳治疗心血管疾病的药理学作用研究进展_赵晶珊,path,枳壳\应用价值\药理作用\中药枳壳治疗心血管疾病的药理学作用研究进展_赵晶珊.pdf
药理作用,root,false
养阴口香合剂中枳壳的质量控制研究_郭璐玫,path,枳壳\应用价值\药理作用\养阴口香合剂中枳壳的质量控制研究_郭璐玫.pdf
药理作用,root,false
名医名方_前列安方_丸_,path,枳壳\应用价值\药理作用\名医名方_前列安方_丸_.pdf
药理作用,root,false
基于显微_DNA条形码_产地分析_省略_ARANJA_枳壳_基原鉴定研究_臧艺玫,path,枳壳\应用价值\药理作用\基于显微_DNA条形码_产地分析_省略_ARANJA_枳壳_基原鉴定研究_臧艺玫.pdf
药理作用,root,false
枳壳化学成分及药理作用研究进展_李陈雪,path,枳壳\应用价值\药理作用\枳壳化学成分及药理作用研究进展_李陈雪.pdf
药理作用,root,false
枳壳化学成分及药理作用研究进展_龚斌,path,枳壳\应用价值\药理作用\枳壳化学成分及药理作用研究进展_龚斌.pdf
药理作用,root,false
枳壳挥发油化学成分及其抑菌活性分析_梁卉,path,枳壳\应用价值\药理作用\枳壳挥发油化学成分及其抑菌活性分析_梁卉.pdf
药理作用,root,false
枳壳甘草汤在保守治疗胸腰椎压缩性骨折中的运用_蔡学峰,path,枳壳\应用价值\药理作用\枳壳甘草汤在保守治疗胸腰椎压缩性骨折中的运用_蔡学峰.pdf
药理作用,root,false
枳壳甘草汤联合经皮椎间孔镜腰椎间盘切除术治疗腰椎间盘突出症的研究_王江平,path,枳壳\应用价值\药理作用\枳壳甘草汤联合经皮椎间孔镜腰椎间盘切除术治疗腰椎间盘突出症的研究_王江平.pdf
药理作用,root,false
枳壳的生物学特性及化学成分研究进展_曾晓艳,path,枳壳\应用价值\药理作用\枳壳的生物学特性及化学成分研究进展_曾晓艳.pdf
药理作用,root,false
枳壳的生物学特性及化学成分研究进展_陈婷,path,枳壳\应用价值\药理作用\枳壳的生物学特性及化学成分研究进展_陈婷.pdf
药理作用,root,false
枳壳的药理作用及物候对枳壳质量的影响,path,枳壳\应用价值\药理作用\枳壳的药理作用及物候对枳壳质量的影响.pdf
药理作用,root,false
枳壳的黄酮类成分及抗抑郁作用研究概述_周露,path,枳壳\应用价值\药理作用\枳壳的黄酮类成分及抗抑郁作用研究概述_周露.pdf
药理作用,root,false
枳壳益气汤临床应用举隅_郑强,path,枳壳\应用价值\药理作用\枳壳益气汤临床应用举隅_郑强.pdf
药理作用,root,false
枳壳等10种中药饮片国家标准化建设项目启动_刘甦,path,枳壳\应用价值\药理作用\枳壳等10种中药饮片国家标准化建设项目启动_刘甦.pdf
药理作用,root,false
枳壳类药材化学成分及药理研究_龚丽丽,path,枳壳\应用价值\药理作用\枳壳类药材化学成分及药理研究_龚丽丽.pdf
药理作用,root,false
枳实_枳壳常用中成药_,path,枳壳\应用价值\药理作用\枳实_枳壳常用中成药_.pdf
药理作用,root,false
枳实、枳壳的抗抑郁作用,path,枳壳\应用价值\药理作用\枳实、枳壳的抗抑郁作用.pdf
药理作用,root,false
枳实与枳壳的现代药理与临床应用研究,path,枳壳\应用价值\药理作用\枳实与枳壳的现代药理与临床应用研究.pdf
药理作用,root,false
经典名方中枳实与枳壳的本草考证_赵佳琛,path,枳壳\应用价值\药理作用\经典名方中枳实与枳壳的本草考证_赵佳琛.pdf
药理作用,root,false
衢枳壳提取物改善2型糖尿病db__省略_b模型小鼠肾脏氧化损伤的作用研究_郑慧,path,枳壳\应用价值\药理作用\衢枳壳提取物改善2型糖尿病db__省略_b模型小鼠肾脏氧化损伤的作用研究_郑慧.pdf
药理作用,root,false
衢枳壳的药理作用研究进展_许守超,path,枳壳\应用价值\药理作用\衢枳壳的药理作用研究进展_许守超.pdf
商业,root,false
以信用建设推动常山胡柚产业高质量发展_张志慧,path,枳壳\应用价值\商业\以信用建设推动常山胡柚产业高质量发展_张志慧.pdf
商业,root,false
枳壳终端市场的质量现状调查,path,枳壳\应用价值\商业\枳壳终端市场的质量现状调查.pdf
商业,root,false
江西枳实和枳壳的商品质量研究_张治针,path,枳壳\应用价值\商业\江西枳实和枳壳的商品质量研究_张治针.pdf
商业,root,false
江西省枳壳_栀子产销形势分析_张光,path,枳壳\应用价值\商业\江西省枳壳_栀子产销形势分析_张光.pdf
商业,root,false
湘北枳壳基地的土壤问题与对策_满志勇,path,枳壳\应用价值\商业\湘北枳壳基地的土壤问题与对策_满志勇.pdf
